{
  "mean_reward": 9534230.70363124,
  "std_reward": 0.0,
  "mean_infections": 668876.5155443184,
  "std_infections": 0.0,
  "mean_deaths": 90.84599524983089,
  "std_deaths": 0.0,
  "mean_commute_ratio": 1.0687290069493731,
  "std_commute_ratio": 0.0
}