{
  "mean_reward": 9526221.180556912,
  "std_reward": 0.0,
  "mean_infections": 667359.7105984776,
  "std_infections": 0.0,
  "mean_deaths": 90.36327459136965,
  "std_deaths": 0.0,
  "mean_commute_ratio": 1.0729151503994492,
  "std_commute_ratio": 0.0
}