{
  "mean_reward": 9526221.505745541,
  "std_reward": 0.0,
  "mean_infections": 667359.7448951752,
  "std_infections": 0.0,
  "mean_deaths": 90.3632815264736,
  "std_deaths": 0.0,
  "mean_commute_ratio": 1.0729151503994492,
  "std_commute_ratio": 0.0
}