{
  "mean_reward": 9525640.249509666,
  "std_reward": 0.0,
  "mean_infections": 667359.0249179109,
  "std_infections": 0.0,
  "mean_deaths": 90.36447145462235,
  "std_deaths": 0.0,
  "mean_commute_ratio": 1.0729151503994492,
  "std_commute_ratio": 0.0
}