{
  "mean_reward": 9522709.005425248,
  "std_reward": 0.0,
  "mean_infections": 667355.8668612603,
  "std_infections": 0.0,
  "mean_deaths": 90.369638993403,
  "std_deaths": 0.0,
  "mean_commute_ratio": 1.0729151503994492,
  "std_commute_ratio": 0.0
}